{
  "project_info": {
    "project_number": "484424761087",
    "project_id": "recyclingproject-97aeb",
    "storage_bucket": "recyclingproject-97aeb.appspot.com"
  },
  "client": [
    {
      "client_info": {
        "mobilesdk_app_id": "1:484424761087:android:406d888b4015e43df356ca",
        "android_client_info": {
          "package_name": "com.mycompany.recyclableapp"
        }
      },
      "oauth_client": [],
      "api_key": [
        {
          "current_key": "AIzaSyDuskc5GDXfE1B0pvYnUlPsB_SbNracxrc"
        }
      ],
      "services": {
        "appinvite_service": {
          "other_platform_oauth_client": []
        }
      }
    }
  ],
  "configuration_version": "1"
}